shard_id,split,shard_index,peak_rss_bytes,peak_rss_mb
eval-00000-of-00020,eval,0,793288704,756.5390625
eval-00001-of-00020,eval,1,800509952,763.42578125
eval-00002-of-00020,eval,2,785035264,748.66796875
eval-00003-of-00020,eval,3,820465664,782.45703125
eval-00004-of-00020,eval,4,799035392,762.01953125
eval-00005-of-00020,eval,5,841412608,802.43359375
eval-00006-of-00020,eval,6,804343808,767.08203125
eval-00007-of-00020,eval,7,844488704,805.3671875
eval-00008-of-00020,eval,8,796528640,759.62890625
eval-00009-of-00020,eval,9,834142208,795.5
eval-00010-of-00020,eval,10,841449472,802.46875
eval-00011-of-00020,eval,11,844177408,805.0703125
eval-00012-of-00020,eval,12,801845248,764.69921875
eval-00013-of-00020,eval,13,799387648,762.35546875
eval-00014-of-00020,eval,14,787849216,751.3515625
eval-00015-of-00020,eval,15,788283392,751.765625
eval-00016-of-00020,eval,16,798720000,761.71875
eval-00017-of-00020,eval,17,799219712,762.1953125
eval-00018-of-00020,eval,18,799297536,762.26953125
eval-00019-of-00020,eval,19,782286848,746.046875
train-00000-of-00406,train,0,806744064,769.37109375
train-00001-of-00406,train,1,822591488,784.484375
train-00002-of-00406,train,2,872427520,832.01171875
train-00003-of-00406,train,3,893276160,851.89453125
train-00004-of-00406,train,4,904163328,862.27734375
train-00005-of-00406,train,5,915406848,873.0
train-00006-of-00406,train,6,918208512,875.671875
train-00007-of-00406,train,7,927436800,884.47265625
train-00008-of-00406,train,8,912486400,870.21484375
train-00009-of-00406,train,9,944734208,900.96875
train-00010-of-00406,train,10,937443328,894.015625
train-00011-of-00406,train,11,945418240,901.62109375
train-00012-of-00406,train,12,951787520,907.6953125
train-00013-of-00406,train,13,944586752,900.828125
train-00014-of-00406,train,14,964849664,920.15234375
train-00015-of-00406,train,15,950939648,906.88671875
train-00016-of-00406,train,16,948965376,905.00390625
train-00017-of-00406,train,17,951676928,907.58984375
train-00018-of-00406,train,18,938274816,894.80859375
train-00019-of-00406,train,19,952328192,908.2109375
train-00020-of-00406,train,20,974651392,929.5
train-00021-of-00406,train,21,968310784,923.453125
train-00022-of-00406,train,22,964370432,919.6953125
train-00023-of-00406,train,23,960417792,915.92578125
train-00024-of-00406,train,24,958205952,913.81640625
train-00025-of-00406,train,25,969285632,924.3828125
train-00026-of-00406,train,26,961818624,917.26171875
train-00027-of-00406,train,27,967659520,922.83203125
train-00028-of-00406,train,28,964702208,920.01171875
train-00029-of-00406,train,29,975900672,930.69140625
train-00030-of-00406,train,30,985423872,939.7734375
train-00031-of-00406,train,31,970694656,925.7265625
train-00032-of-00406,train,32,974401536,929.26171875
train-00033-of-00406,train,33,970674176,925.70703125
train-00034-of-00406,train,34,975761408,930.55859375
train-00035-of-00406,train,35,972632064,927.57421875
train-00036-of-00406,train,36,981757952,936.27734375
train-00037-of-00406,train,37,989429760,943.59375
train-00038-of-00406,train,38,988835840,943.02734375
train-00039-of-00406,train,39,986886144,941.16796875
train-00040-of-00406,train,40,956243968,911.9453125
train-00041-of-00406,train,41,955207680,910.95703125
train-00042-of-00406,train,42,927846400,884.86328125
train-00043-of-00406,train,43,933376000,890.13671875
train-00044-of-00406,train,44,942141440,898.49609375
train-00045-of-00406,train,45,946782208,902.921875
train-00046-of-00406,train,46,971014144,926.03125
train-00047-of-00406,train,47,971116544,926.12890625
train-00048-of-00406,train,48,927318016,884.359375
train-00049-of-00406,train,49,917037056,874.5546875
train-00050-of-00406,train,50,914530304,872.1640625
train-00051-of-00406,train,51,930025472,886.94140625
train-00052-of-00406,train,52,935157760,891.8359375
train-00053-of-00406,train,53,942145536,898.5
train-00054-of-00406,train,54,931184640,888.046875
train-00055-of-00406,train,55,937836544,894.390625
train-00056-of-00406,train,56,954191872,909.98828125
train-00057-of-00406,train,57,945225728,901.4375
train-00058-of-00406,train,58,957538304,913.1796875
train-00059-of-00406,train,59,993902592,947.859375
train-00060-of-00406,train,60,922300416,879.57421875
train-00061-of-00406,train,61,934191104,890.9140625
train-00062-of-00406,train,62,943407104,899.703125
train-00063-of-00406,train,63,939114496,895.609375
train-00064-of-00406,train,64,944381952,900.6328125
train-00065-of-00406,train,65,935579648,892.23828125
train-00066-of-00406,train,66,957308928,912.9609375
train-00067-of-00406,train,67,957915136,913.5390625
train-00068-of-00406,train,68,958767104,914.3515625
train-00069-of-00406,train,69,970768384,925.796875
train-00070-of-00406,train,70,971649024,926.63671875
train-00071-of-00406,train,71,962093056,917.5234375
train-00072-of-00406,train,72,973365248,928.2734375
train-00073-of-00406,train,73,962711552,918.11328125
train-00074-of-00406,train,74,976564224,931.32421875
train-00075-of-00406,train,75,969281536,924.37890625
train-00076-of-00406,train,76,969113600,924.21875
train-00077-of-00406,train,77,975716352,930.515625
train-00078-of-00406,train,78,963616768,918.9765625
train-00079-of-00406,train,79,981016576,935.5703125
train-00080-of-00406,train,80,982450176,936.9375
train-00081-of-00406,train,81,982425600,936.9140625
train-00082-of-00406,train,82,988622848,942.82421875
train-00083-of-00406,train,83,992559104,946.578125
train-00084-of-00406,train,84,948101120,904.1796875
train-00085-of-00406,train,85,967073792,922.2734375
train-00086-of-00406,train,86,967258112,922.44921875
train-00087-of-00406,train,87,985980928,940.3046875
train-00088-of-00406,train,88,982749184,937.22265625
train-00089-of-00406,train,89,1013813248,966.84765625
train-00090-of-00406,train,90,991064064,945.15234375
train-00091-of-00406,train,91,991031296,945.12109375
train-00092-of-00406,train,92,992448512,946.47265625
train-00093-of-00406,train,93,987770880,942.01171875
train-00094-of-00406,train,94,989249536,943.421875
train-00095-of-00406,train,95,993832960,947.79296875
train-00096-of-00406,train,96,984657920,939.04296875
train-00097-of-00406,train,97,986394624,940.69921875
train-00098-of-00406,train,98,1034027008,986.125
train-00099-of-00406,train,99,983896064,938.31640625
train-00100-of-00406,train,100,984219648,938.625
train-00101-of-00406,train,101,984625152,939.01171875
train-00102-of-00406,train,102,992399360,946.42578125
train-00103-of-00406,train,103,993361920,947.34375
train-00104-of-00406,train,104,998322176,952.07421875
train-00105-of-00406,train,105,944287744,900.54296875
train-00106-of-00406,train,106,965914624,921.16796875
train-00107-of-00406,train,107,980615168,935.1875
train-00108-of-00406,train,108,971407360,926.40625
train-00109-of-00406,train,109,985243648,939.6015625
train-00110-of-00406,train,110,990740480,944.84375
train-00111-of-00406,train,111,984666112,939.05078125
train-00112-of-00406,train,112,970866688,925.890625
train-00113-of-00406,train,113,969986048,925.05078125
train-00114-of-00406,train,114,970948608,925.96875
train-00115-of-00406,train,115,969560064,924.64453125
train-00116-of-00406,train,116,960118784,915.640625
train-00117-of-00406,train,117,983109632,937.56640625
train-00118-of-00406,train,118,936427520,893.046875
train-00119-of-00406,train,119,987111424,941.3828125
train-00120-of-00406,train,120,983375872,937.8203125
train-00121-of-00406,train,121,977555456,932.26953125
train-00122-of-00406,train,122,979542016,934.1640625
train-00123-of-00406,train,123,1016532992,969.44140625
train-00124-of-00406,train,124,993304576,947.2890625
train-00125-of-00406,train,125,981676032,936.19921875
train-00126-of-00406,train,126,988246016,942.46484375
train-00127-of-00406,train,127,993570816,947.54296875
train-00128-of-00406,train,128,1003466752,956.98046875
train-00129-of-00406,train,129,947712000,903.80859375
train-00130-of-00406,train,130,943132672,899.44140625
train-00131-of-00406,train,131,952455168,908.33203125
train-00132-of-00406,train,132,947613696,903.71484375
train-00133-of-00406,train,133,956870656,912.54296875
train-00134-of-00406,train,134,953827328,909.640625
train-00135-of-00406,train,135,1008713728,961.984375
train-00136-of-00406,train,136,1012461568,965.55859375
train-00137-of-00406,train,137,989188096,943.36328125
train-00138-of-00406,train,138,1024823296,977.34765625
train-00139-of-00406,train,139,984276992,938.6796875
train-00140-of-00406,train,140,998973440,952.6953125
train-00141-of-00406,train,141,1008005120,961.30859375
train-00142-of-00406,train,142,994680832,948.6015625
train-00143-of-00406,train,143,1012781056,965.86328125
train-00144-of-00406,train,144,991465472,945.53515625
train-00145-of-00406,train,145,1006686208,960.05078125
train-00146-of-00406,train,146,1008062464,961.36328125
train-00147-of-00406,train,147,991105024,945.19140625
train-00148-of-00406,train,148,1003970560,957.4609375
train-00149-of-00406,train,149,999272448,952.98046875
train-00150-of-00406,train,150,1043959808,995.59765625
train-00151-of-00406,train,151,974360576,929.22265625
train-00152-of-00406,train,152,971689984,926.67578125
train-00153-of-00406,train,153,987222016,941.48828125
train-00154-of-00406,train,154,994398208,948.33203125
train-00155-of-00406,train,155,987877376,942.11328125
train-00156-of-00406,train,156,979570688,934.19140625
train-00157-of-00406,train,157,1000071168,953.7421875
train-00158-of-00406,train,158,999940096,953.6171875
train-00159-of-00406,train,159,1002196992,955.76953125
train-00160-of-00406,train,160,993636352,947.60546875
train-00161-of-00406,train,161,999591936,953.28515625
train-00162-of-00406,train,162,1001209856,954.828125
train-00163-of-00406,train,163,1005031424,958.47265625
train-00164-of-00406,train,164,1015623680,968.57421875
train-00165-of-00406,train,165,1006473216,959.84765625
train-00166-of-00406,train,166,1016750080,969.6484375
train-00167-of-00406,train,167,1045229568,996.80859375
train-00168-of-00406,train,168,1024331776,976.87890625
train-00169-of-00406,train,169,1049939968,1001.30078125
train-00170-of-00406,train,170,1018761216,971.56640625
train-00171-of-00406,train,171,1030537216,982.796875
train-00172-of-00406,train,172,1016422400,969.3359375
train-00173-of-00406,train,173,1018257408,971.0859375
train-00174-of-00406,train,174,1027985408,980.36328125
train-00175-of-00406,train,175,1041604608,993.3515625
train-00176-of-00406,train,176,1020420096,973.1484375
train-00177-of-00406,train,177,1017384960,970.25390625
train-00178-of-00406,train,178,1022971904,975.58203125
train-00179-of-00406,train,179,1033285632,985.41796875
train-00180-of-00406,train,180,1031049216,983.28515625
train-00181-of-00406,train,181,1037119488,989.07421875
train-00182-of-00406,train,182,1020162048,972.90234375
train-00183-of-00406,train,183,1026875392,979.3046875
train-00184-of-00406,train,184,1024094208,976.65234375
train-00185-of-00406,train,185,1034256384,986.34375
train-00186-of-00406,train,186,1028427776,980.78515625
train-00187-of-00406,train,187,1024151552,976.70703125
train-00188-of-00406,train,188,1015848960,968.7890625
train-00189-of-00406,train,189,1014255616,967.26953125
train-00190-of-00406,train,190,1036304384,988.296875
train-00191-of-00406,train,191,1023500288,976.0859375
train-00192-of-00406,train,192,1039958016,991.78125
train-00193-of-00406,train,193,1050279936,1001.625
train-00194-of-00406,train,194,1035345920,987.3828125
train-00195-of-00406,train,195,1038278656,990.1796875
train-00196-of-00406,train,196,1042993152,994.67578125
train-00197-of-00406,train,197,1035943936,987.953125
train-00198-of-00406,train,198,1033113600,985.25390625
train-00199-of-00406,train,199,1039368192,991.21875
train-00200-of-00406,train,200,1049391104,1000.77734375
train-00201-of-00406,train,201,1043664896,995.31640625
train-00202-of-00406,train,202,1040900096,992.6796875
train-00203-of-00406,train,203,1044811776,996.41015625
train-00204-of-00406,train,204,1049292800,1000.68359375
train-00205-of-00406,train,205,1037860864,989.78125
train-00206-of-00406,train,206,1035788288,987.8046875
train-00207-of-00406,train,207,1046470656,997.9921875
train-00208-of-00406,train,208,1035202560,987.24609375
train-00209-of-00406,train,209,1030344704,982.61328125
train-00210-of-00406,train,210,1025982464,978.453125
train-00211-of-00406,train,211,1050828800,1002.1484375
train-00212-of-00406,train,212,1040556032,992.3515625
train-00213-of-00406,train,213,1051041792,1002.3515625
train-00214-of-00406,train,214,1041350656,993.109375
train-00215-of-00406,train,215,1031770112,983.97265625
train-00216-of-00406,train,216,1045594112,997.15625
train-00217-of-00406,train,217,1046061056,997.6015625
train-00218-of-00406,train,218,1050992640,1002.3046875
train-00219-of-00406,train,219,1043517440,995.17578125
train-00220-of-00406,train,220,1048195072,999.63671875
train-00221-of-00406,train,221,1057054720,1008.0859375
train-00222-of-00406,train,222,1039720448,991.5546875
train-00223-of-00406,train,223,1040633856,992.42578125
train-00224-of-00406,train,224,1044606976,996.21484375
train-00225-of-00406,train,225,1048141824,999.5859375
train-00226-of-00406,train,226,1055014912,1006.140625
train-00227-of-00406,train,227,1040486400,992.28515625
train-00228-of-00406,train,228,1041182720,992.94921875
train-00229-of-00406,train,229,1029554176,981.859375
train-00230-of-00406,train,230,1053134848,1004.34765625
train-00231-of-00406,train,231,1040723968,992.51171875
train-00232-of-00406,train,232,1039220736,991.078125
train-00233-of-00406,train,233,1039712256,991.546875
train-00234-of-00406,train,234,1057599488,1008.60546875
train-00235-of-00406,train,235,1037426688,989.3671875
train-00236-of-00406,train,236,1044111360,995.7421875
train-00237-of-00406,train,237,1033285632,985.41796875
train-00238-of-00406,train,238,1038385152,990.28125
train-00239-of-00406,train,239,1044107264,995.73828125
train-00240-of-00406,train,240,1063854080,1014.5703125
train-00241-of-00406,train,241,1038618624,990.50390625
train-00242-of-00406,train,242,1037205504,989.15625
train-00243-of-00406,train,243,1060581376,1011.44921875
train-00244-of-00406,train,244,1061527552,1012.3515625
train-00245-of-00406,train,245,1049001984,1000.40625
train-00246-of-00406,train,246,1059991552,1010.88671875
train-00247-of-00406,train,247,1044938752,996.53125
train-00248-of-00406,train,248,1046028288,997.5703125
train-00249-of-00406,train,249,1035976704,987.984375
train-00250-of-00406,train,250,1060216832,1011.1015625
train-00251-of-00406,train,251,1051447296,1002.73828125
train-00252-of-00406,train,252,1060814848,1011.671875
train-00253-of-00406,train,253,1043943424,995.58203125
train-00254-of-00406,train,254,1090928640,1040.390625
train-00255-of-00406,train,255,1044647936,996.25390625
train-00256-of-00406,train,256,1057087488,1008.1171875
train-00257-of-00406,train,257,1056751616,1007.796875
train-00258-of-00406,train,258,1057476608,1008.48828125
train-00259-of-00406,train,259,1037090816,989.046875
train-00260-of-00406,train,260,1059082240,1010.01953125
train-00261-of-00406,train,261,1048350720,999.78515625
train-00262-of-00406,train,262,1037680640,989.609375
train-00263-of-00406,train,263,1050574848,1001.90625
train-00264-of-00406,train,264,1054986240,1006.11328125
train-00265-of-00406,train,265,1063796736,1014.515625
train-00266-of-00406,train,266,1059631104,1010.54296875
train-00267-of-00406,train,267,1042522112,994.2265625
train-00268-of-00406,train,268,1052098560,1003.359375
train-00269-of-00406,train,269,1043779584,995.42578125
train-00270-of-00406,train,270,1048473600,999.90234375
train-00271-of-00406,train,271,1060331520,1011.2109375
train-00272-of-00406,train,272,1046319104,997.84765625
train-00273-of-00406,train,273,1062653952,1013.42578125
train-00274-of-00406,train,274,1047199744,998.6875
train-00275-of-00406,train,275,1041649664,993.39453125
train-00276-of-00406,train,276,1062858752,1013.62109375
train-00277-of-00406,train,277,1056333824,1007.3984375
train-00278-of-00406,train,278,1070469120,1020.87890625
train-00279-of-00406,train,279,1049661440,1001.03515625
train-00280-of-00406,train,280,1045110784,996.6953125
train-00281-of-00406,train,281,1036853248,988.8203125
train-00282-of-00406,train,282,1054371840,1005.52734375
train-00283-of-00406,train,283,1057378304,1008.39453125
train-00284-of-00406,train,284,1049006080,1000.41015625
train-00285-of-00406,train,285,1057439744,1008.453125
train-00286-of-00406,train,286,1045364736,996.9375
train-00287-of-00406,train,287,1053597696,1004.7890625
train-00288-of-00406,train,288,1060388864,1011.265625
train-00289-of-00406,train,289,1061502976,1012.328125
train-00290-of-00406,train,290,1055707136,1006.80078125
train-00291-of-00406,train,291,1051734016,1003.01171875
train-00292-of-00406,train,292,1044508672,996.12109375
train-00293-of-00406,train,293,1057783808,1008.78125
train-00294-of-00406,train,294,1050050560,1001.40625
train-00295-of-00406,train,295,1057685504,1008.6875
train-00296-of-00406,train,296,1044697088,996.30078125
train-00297-of-00406,train,297,1058226176,1009.203125
train-00298-of-00406,train,298,1056788480,1007.83203125
train-00299-of-00406,train,299,1038950400,990.8203125
train-00300-of-00406,train,300,1048674304,1000.09375
train-00301-of-00406,train,301,1055715328,1006.80859375
train-00302-of-00406,train,302,1057579008,1008.5859375
train-00303-of-00406,train,303,1067196416,1017.7578125
train-00304-of-00406,train,304,1043288064,994.95703125
train-00305-of-00406,train,305,1047146496,998.63671875
train-00306-of-00406,train,306,1048879104,1000.2890625
train-00307-of-00406,train,307,1061777408,1012.58984375
train-00308-of-00406,train,308,1048666112,1000.0859375
train-00309-of-00406,train,309,1036623872,988.6015625
train-00310-of-00406,train,310,1051025408,1002.3359375
train-00311-of-00406,train,311,1038434304,990.328125
train-00312-of-00406,train,312,1052798976,1004.02734375
train-00313-of-00406,train,313,1054019584,1005.19140625
train-00314-of-00406,train,314,1045049344,996.63671875
train-00315-of-00406,train,315,1059516416,1010.43359375
train-00316-of-00406,train,316,1052798976,1004.02734375
train-00317-of-00406,train,317,1054232576,1005.39453125
train-00318-of-00406,train,318,1037885440,989.8046875
train-00319-of-00406,train,319,1052184576,1003.44140625
train-00320-of-00406,train,320,1044287488,995.91015625
train-00321-of-00406,train,321,1044144128,995.7734375
train-00322-of-00406,train,322,1045331968,996.90625
train-00323-of-00406,train,323,1048018944,999.46875
train-00324-of-00406,train,324,1057812480,1008.80859375
train-00325-of-00406,train,325,1054404608,1005.55859375
train-00326-of-00406,train,326,1050177536,1001.52734375
train-00327-of-00406,train,327,1036242944,988.23828125
train-00328-of-00406,train,328,1053388800,1004.58984375
train-00329-of-00406,train,329,1050636288,1001.96484375
train-00330-of-00406,train,330,1043070976,994.75
train-00331-of-00406,train,331,1044811776,996.41015625
train-00332-of-00406,train,332,1047945216,999.3984375
train-00333-of-00406,train,333,1044422656,996.0390625
train-00334-of-00406,train,334,1037430784,989.37109375
train-00335-of-00406,train,335,1044819968,996.41796875
train-00336-of-00406,train,336,1051054080,1002.36328125
train-00337-of-00406,train,337,1045401600,996.97265625
train-00338-of-00406,train,338,1045852160,997.40234375
train-00339-of-00406,train,339,1054461952,1005.61328125
train-00340-of-00406,train,340,1052254208,1003.5078125
train-00341-of-00406,train,341,1061380096,1012.2109375
train-00342-of-00406,train,342,1094750208,1044.03515625
train-00343-of-00406,train,343,1049186304,1000.58203125
train-00344-of-00406,train,344,1055621120,1006.71875
train-00345-of-00406,train,345,1051430912,1002.72265625
train-00346-of-00406,train,346,1078153216,1028.20703125
train-00347-of-00406,train,347,1074171904,1024.41015625
train-00348-of-00406,train,348,1088851968,1038.41015625
train-00349-of-00406,train,349,1085296640,1035.01953125
train-00350-of-00406,train,350,1081683968,1031.57421875
train-00351-of-00406,train,351,1073967104,1024.21484375
train-00352-of-00406,train,352,1078702080,1028.73046875
train-00353-of-00406,train,353,1076064256,1026.21484375
train-00354-of-00406,train,354,1075556352,1025.73046875
train-00355-of-00406,train,355,1059282944,1010.2109375
train-00356-of-00406,train,356,1065140224,1015.796875
train-00357-of-00406,train,357,1062985728,1013.7421875
train-00358-of-00406,train,358,1089576960,1039.1015625
train-00359-of-00406,train,359,1069699072,1020.14453125
train-00360-of-00406,train,360,1077411840,1027.5
train-00361-of-00406,train,361,1075609600,1025.78125
train-00362-of-00406,train,362,1079320576,1029.3203125
train-00363-of-00406,train,363,1070870528,1021.26171875
train-00364-of-00406,train,364,1078362112,1028.40625
train-00365-of-00406,train,365,1063141376,1013.890625
train-00366-of-00406,train,366,1078169600,1028.22265625
train-00367-of-00406,train,367,1074667520,1024.8828125
train-00368-of-00406,train,368,1066360832,1016.9609375
train-00369-of-00406,train,369,1073471488,1023.7421875
train-00370-of-00406,train,370,1070542848,1020.94921875
train-00371-of-00406,train,371,1070419968,1020.83203125
train-00372-of-00406,train,372,1068347392,1018.85546875
train-00373-of-00406,train,373,1068265472,1018.77734375
train-00374-of-00406,train,374,1078681600,1028.7109375
train-00375-of-00406,train,375,1076338688,1026.4765625
train-00376-of-00406,train,376,1075474432,1025.65234375
train-00377-of-00406,train,377,1087320064,1036.94921875
train-00378-of-00406,train,378,1096507392,1045.7109375
train-00379-of-00406,train,379,1083105280,1032.9296875
train-00380-of-00406,train,380,1090846720,1040.3125
train-00381-of-00406,train,381,1077358592,1027.44921875
train-00382-of-00406,train,382,1075388416,1025.5703125
train-00383-of-00406,train,383,1104674816,1053.5
train-00384-of-00406,train,384,1080111104,1030.07421875
train-00385-of-00406,train,385,1082691584,1032.53515625
train-00386-of-00406,train,386,1072398336,1022.71875
train-00387-of-00406,train,387,1072361472,1022.68359375
train-00388-of-00406,train,388,1063743488,1014.46484375
train-00389-of-00406,train,389,1110065152,1058.640625
train-00390-of-00406,train,390,1082683392,1032.52734375
train-00391-of-00406,train,391,1101959168,1050.91015625
train-00392-of-00406,train,392,1083785216,1033.578125
train-00393-of-00406,train,393,1061388288,1012.21875
train-00394-of-00406,train,394,1081044992,1030.96484375
train-00395-of-00406,train,395,1064841216,1015.51171875
train-00396-of-00406,train,396,1082621952,1032.46875
train-00397-of-00406,train,397,1083838464,1033.62890625
train-00398-of-00406,train,398,1078521856,1028.55859375
train-00399-of-00406,train,399,1070727168,1021.125
train-00400-of-00406,train,400,1080745984,1030.6796875
train-00401-of-00406,train,401,1081495552,1031.39453125
train-00402-of-00406,train,402,1071964160,1022.3046875
train-00403-of-00406,train,403,1082159104,1032.02734375
train-00404-of-00406,train,404,1079574528,1029.5625
train-00405-of-00406,train,405,1079980032,1029.94921875
